[
  {
    "id": "3c638833-13d0-44fc-8f10-524286e7f3a2",
    "data": [
      {
        "text": "data",
        "meta": "@sys.any",
        "alias": "gen_info",
        "userDefined": true
      },
      {
        "text": " about this game",
        "userDefined": false
      }
    ],
    "isTemplate": false,
    "count": 0,
    "lang": "en",
    "updated": 0
  },
  {
    "id": "14f6f777-5405-46d3-9d36-ac31b645643f",
    "data": [
      {
        "text": "who ",
        "userDefined": false
      },
      {
        "text": "made",
        "meta": "@sys.any",
        "alias": "gen_info",
        "userDefined": true
      },
      {
        "text": " this game",
        "userDefined": false
      }
    ],
    "isTemplate": false,
    "count": 0,
    "lang": "en",
    "updated": 0
  },
  {
    "id": "10fb4152-cf26-4dd8-9823-008fb6c946c3",
    "data": [
      {
        "text": "give me some ",
        "userDefined": false
      },
      {
        "text": "details",
        "meta": "@sys.any",
        "alias": "gen_info",
        "userDefined": true
      }
    ],
    "isTemplate": false,
    "count": 0,
    "lang": "en",
    "updated": 0
  },
  {
    "id": "4052b047-43d5-448b-b426-0641f7d5ce34",
    "data": [
      {
        "text": "what is ",
        "userDefined": false
      },
      {
        "text": "known",
        "meta": "@sys.any",
        "alias": "gen_info",
        "userDefined": true
      }
    ],
    "isTemplate": false,
    "count": 0,
    "lang": "en",
    "updated": 0
  },
  {
    "id": "fa20a40a-7f7d-47b1-a8ba-0075fc82b1fe",
    "data": [
      {
        "text": "give me ",
        "userDefined": false
      },
      {
        "text": "information",
        "meta": "@sys.any",
        "alias": "gen_info",
        "userDefined": true
      },
      {
        "text": " about this game",
        "userDefined": false
      }
    ],
    "isTemplate": false,
    "count": 0,
    "lang": "en",
    "updated": 0
  }
]