[
  {
    "id": "7c4a6469-36f4-43b7-acb3-6c72fd56064f",
    "data": [
      {
        "text": "how much would i ",
        "userDefined": false
      },
      {
        "text": "pay",
        "meta": "@sys.any",
        "alias": "price",
        "userDefined": true
      }
    ],
    "isTemplate": false,
    "count": 0,
    "lang": "en",
    "updated": 0
  },
  {
    "id": "3be1ea0c-e16d-49c2-8cc9-8544acb25f6c",
    "data": [
      {
        "text": "how much does it ",
        "userDefined": false
      },
      {
        "text": "cost",
        "meta": "@sys.any",
        "alias": "price",
        "userDefined": true
      }
    ],
    "isTemplate": false,
    "count": 0,
    "lang": "en",
    "updated": 0
  },
  {
    "id": "32b2b85f-c171-4f2f-bcc3-f04dfefe3ea8",
    "data": [
      {
        "text": "what is the ",
        "userDefined": false
      },
      {
        "text": "price",
        "meta": "@sys.any",
        "alias": "price",
        "userDefined": true
      }
    ],
    "isTemplate": false,
    "count": 0,
    "lang": "en",
    "updated": 0
  }
]