[
  {
    "id": "3e5cb591-7c0f-4215-bc99-2efb40d39d7e",
    "data": [
      {
        "text": "im interested in ",
        "userDefined": false
      },
      {
        "text": "dota",
        "meta": "@sys.any",
        "alias": "game_name",
        "userDefined": true
      }
    ],
    "isTemplate": false,
    "count": 0,
    "lang": "en",
    "updated": 0
  },
  {
    "id": "0a2b31d0-9192-4194-8acf-c11175d854b2",
    "data": [
      {
        "text": "Dota 2\u0027",
        "meta": "@sys.any",
        "alias": "game_name",
        "userDefined": true
      }
    ],
    "isTemplate": false,
    "count": 0,
    "lang": "en",
    "updated": 0
  },
  {
    "id": "ae57e6bb-c671-4c30-8013-90dd3c784259",
    "data": [
      {
        "text": "how about ",
        "userDefined": false
      },
      {
        "text": "\u0027Dota 2\u0027",
        "meta": "@sys.any",
        "alias": "game_name",
        "userDefined": true
      }
    ],
    "isTemplate": false,
    "count": 0,
    "lang": "en",
    "updated": 0
  },
  {
    "id": "ef703f18-e906-4538-be7c-4cc22e0a6e79",
    "data": [
      {
        "text": "i would like to compare ",
        "userDefined": false
      },
      {
        "text": "\u0027Dota 2\u0027",
        "meta": "@sys.any",
        "alias": "game_name",
        "userDefined": true
      }
    ],
    "isTemplate": false,
    "count": 0,
    "lang": "en",
    "updated": 0
  },
  {
    "id": "c89e6950-0ba1-4636-a287-d830f59ccd6d",
    "data": [
      {
        "text": "Dota 2",
        "meta": "@sys.any",
        "alias": "game_name",
        "userDefined": true
      },
      {
        "text": " would be nice",
        "userDefined": false
      }
    ],
    "isTemplate": false,
    "count": 0,
    "lang": "en",
    "updated": 0
  },
  {
    "id": "1b3f6b0a-c0fc-472f-a6d4-a59d6e724ca9",
    "data": [
      {
        "text": "the game is ",
        "userDefined": false
      },
      {
        "text": "Terraria",
        "meta": "@sys.any",
        "alias": "game_name",
        "userDefined": true
      }
    ],
    "isTemplate": false,
    "count": 0,
    "lang": "en",
    "updated": 0
  },
  {
    "id": "d6c4e25d-f905-42ff-897f-e1145279690e",
    "data": [
      {
        "text": "i\u0027m looking for ",
        "userDefined": false
      },
      {
        "text": "Dota 2",
        "meta": "@sys.any",
        "alias": "game_name",
        "userDefined": true
      }
    ],
    "isTemplate": false,
    "count": 0,
    "lang": "en",
    "updated": 0
  },
  {
    "id": "41919e77-5ff1-4167-b9a6-0f233395e00d",
    "data": [
      {
        "text": "gta",
        "meta": "@sys.any",
        "alias": "game_name",
        "userDefined": true
      },
      {
        "text": " is what im looking for",
        "userDefined": false
      }
    ],
    "isTemplate": false,
    "count": 0,
    "lang": "en",
    "updated": 0
  }
]