[
  {
    "id": "394872d5-79e8-4aea-b124-ecaef7135b2d",
    "data": [
      {
        "text": "games ",
        "userDefined": false
      },
      {
        "text": "like",
        "meta": "@sys.any",
        "alias": "similar",
        "userDefined": true
      },
      {
        "text": " this one",
        "userDefined": false
      }
    ],
    "isTemplate": false,
    "count": 0,
    "lang": "en",
    "updated": 0
  },
  {
    "id": "f1757bb6-fed6-44cc-8bc3-f7e9e2b379cf",
    "data": [
      {
        "text": "which games are ",
        "userDefined": false
      },
      {
        "text": "comparable",
        "meta": "@sys.any",
        "alias": "similar",
        "userDefined": true
      }
    ],
    "isTemplate": false,
    "count": 0,
    "lang": "en",
    "updated": 0
  },
  {
    "id": "18086aca-3f6d-4c3c-afdc-4160f5c0a16a",
    "data": [
      {
        "text": "give me ",
        "userDefined": false
      },
      {
        "text": "related",
        "meta": "@sys.any",
        "alias": "similar",
        "userDefined": true
      },
      {
        "text": " games",
        "userDefined": false
      }
    ],
    "isTemplate": false,
    "count": 0,
    "lang": "en",
    "updated": 0
  },
  {
    "id": "fb4563d7-425c-4fbe-a017-ee73d24b8f93",
    "data": [
      {
        "text": "what other games ",
        "userDefined": false
      },
      {
        "text": "are similar",
        "meta": "@sys.any",
        "alias": "similar",
        "userDefined": true
      }
    ],
    "isTemplate": false,
    "count": 0,
    "lang": "en",
    "updated": 0
  }
]